{"cameraMode":{"drawMode":0,"name":"Shaded","section":"Shading Mode"},"sceneLighting":true,"audioPlay":false,"sceneViewState":{"showFog":true,"showMaterialUpdate":true,"showSkybox":true,"showFlares":true,"showImageEffects":true,"showParticleSystems":true},"in2DMode":false,"pivot":{"x":0.4067718982696533,"y":0.16877245903015138,"z":4.262490272521973},"rotation":{"x":0.38747501373291018,"y":0.2641955614089966,"z":0.11693395674228668,"w":-0.8754372000694275},"size":2.8578836917877199,"orthographic":false}