{"cameraMode":{"drawMode":0,"name":"Shaded","section":"Shading Mode"},"sceneLighting":true,"audioPlay":false,"sceneViewState":{"showFog":true,"showMaterialUpdate":true,"showSkybox":true,"showFlares":true,"showImageEffects":true,"showParticleSystems":true},"in2DMode":false,"pivot":{"x":11.095455169677735,"y":16.187780380249025,"z":18.117454528808595},"rotation":{"x":-0.08603070676326752,"y":0.9053859114646912,"z":-0.3520110845565796,"w":-0.22127655148506165},"size":10.0,"orthographic":false}